COMMENT_ID,AUTHOR,DATE,CONTENT,SUMMARY,LIKE_COUNT,CLASS
UgwgASYNmm98UlpbUkt4AaABAg,@milanmatyas8242,2024-03-15T08:19:39Z,"Fun fact: Hitler became blind after a gas attack in France but when he went into the hospital his sight came back<br>Fun fact2: Hitler almost drowned in 1893. A pope saved him<br>Fun fact3: Hitler was sleeping in &quot;Normandia&quot; but no one dared to wake him up or send backup.<br>Fun fact4:In 1913 Hitler,Stalin,Trotsky,Tito,Freud were in the same city(Vienna)<br>And went into the same bar","OverSimplified's ""WW2"" series offers an entertaining and educational take on World War II. Part 1 delves into the origins of the conflict, key players like Hitler and Churchill, and major events leading to the war's outbreak. Using humor and simplified explanations, the video makes history engaging and accessible.",1,0
Ugz3eI9SK8cAibzmzg54AaABAg,@lexqqy4032,2024-02-21T05:45:01Z,"Why do people put Russia as a winner in WWI ? They signed a peace treaty and left its allies to fight the war, wouldn&#39;t that be consider a loss?","OverSimplified's ""WW2"" series offers an entertaining and educational take on World War II. Part 1 delves into the origins of the conflict, key players like Hitler and Churchill, and major events leading to the war's outbreak. Using humor and simplified explanations, the video makes history engaging and accessible.",0,0
UgzLCEPkATrMRqKC5RR4AaABAg,@lucal_0,2024-01-03T15:58:47Z,"hey man sorry for the critic i understand that it‚Äôs simplified, but the italian government could‚Äôve fought easily the camicie nere in the march on rome, the king just didn‚Äôt sign the permission to send in the army","OverSimplified's ""WW2"" series offers an entertaining and educational take on World War II. Part 1 delves into the origins of the conflict, key players like Hitler and Churchill, and major events leading to the war's outbreak. Using humor and simplified explanations, the video makes history engaging and accessible.",0,0
UgwoMzXuGyTdUeuXB154AaABAg,@yourmomlol155.,2023-10-07T05:47:06Z,"Auf der Heide bl√ºht ein kleines Bl√ºmelein<br><br>Und das hei√üt, Erika<br><br>Hei√ü von hunderttausend kleinen Bienelein<br><br>Wird umschw√§rmt, Erika Denn ihr Herz ist voller S√º√üigkeit<br><br>Zarter Duft entstr√∂mt dem Bl√ºtenkleid<br><br>Auf der Heide bl√ºht ein kleines Bl√ºmelein Und das hei√üt, Erika<br><br>In der Heimat wohnt ein kleines M√§gdelein<br><br>Und das hei√üt, Erika<br><br>Dieses M√§del ist mein treues Sch√§tzelein<br><br>Und mein Gl√ºck, Erika<br><br>Wenn das Heidekraut rot-lila bl√ºht<br><br>Singe ich zum Gru√ü ihr dieses Lied Auf der Heide bl√ºht ein kleines Bl√ºmelein<br><br>Und das hei√üt, Erika","OverSimplified's ""WW2"" series offers an entertaining and educational take on World War II. Part 1 delves into the origins of the conflict, key players like Hitler and Churchill, and major events leading to the war's outbreak. Using humor and simplified explanations, the video makes history engaging and accessible.",0,0
UgzkQWu_o-tEirkfyZp4AaABAg,@harringtonvo,2023-09-29T07:42:44Z,You forgot one of the winners (and Florida looks WAY more phallic than the boot of Italy‚Ä¶ missed an obvious comic gem there dude)‚Ä¶ but great video anyway! :),"OverSimplified's ""WW2"" series offers an entertaining and educational take on World War II. Part 1 delves into the origins of the conflict, key players like Hitler and Churchill, and major events leading to the war's outbreak. Using humor and simplified explanations, the video makes history engaging and accessible.",0,0
Ugxu652GTcURvDyT6Xp4AaABAg,@SpukiTheLoveKitten75,2023-05-30T07:09:21Z,"While it&#39;s good that weirdos like Hitler were defeated, it also shows how a lot of this mess had it&#39;s roots in &quot;create your own enemy&quot; dumbassery by the future Allies... be it overly punitive treaties or denying Japan recourses while demanding they do stuff for us.<br><br>Finally, why is it so hard to just peacefully ask for resources and have a trade agreement? You have all these idiots obsessed with invasions and colonialism. Why couldn&#39;t Japan just ask China if they could do business together, for example?<br><br>But no, it&#39;s just as much about feeding the ego and dominating as it is about resources.<br><br>Everyone is just so greedy and &quot;Winner take all&quot;!<br><br>This channel is awesome and I love how it&#39;s able to teach stuff in a quick, simple, concise way.","OverSimplified's ""WW2"" series offers an entertaining and educational take on World War II. Part 1 delves into the origins of the conflict, key players like Hitler and Churchill, and major events leading to the war's outbreak. Using humor and simplified explanations, the video makes history engaging and accessible.",0,0
Ugweqy5SQsUnP8fGlnZ4AaABAg,@regalcartoon3952,2023-03-18T17:02:54Z,"And that, my friends, is why all German art schools now have a 100% acceptance rate.","OverSimplified's ""WW2"" series offers an entertaining and educational take on World War II. Part 1 delves into the origins of the conflict, key players like Hitler and Churchill, and major events leading to the war's outbreak. Using humor and simplified explanations, the video makes history engaging and accessible.",1,0
UgzhD1-33Bwe6b54o594AaABAg,@Skolg3r77,2023-03-12T01:45:58Z,"No click bait<br>Gets the sponsor out of the way immediately (in this video) and does it well.<br>IS simplified<br>Pretty accurate<br>Animation<br>Fun history topics<br>Knows when to stop having fun, and takes a moment of respect for bad incedents like auschwitz.<br>This man is the most underrated youtuber on the platform. Why does he not have more subs.","OverSimplified's ""WW2"" series offers an entertaining and educational take on World War II. Part 1 delves into the origins of the conflict, key players like Hitler and Churchill, and major events leading to the war's outbreak. Using humor and simplified explanations, the video makes history engaging and accessible.",1,0
UgwvE1CZew5ToleZapx4AaABAg,@stevejames9531,2023-01-25T18:10:12Z,"Churchill was a lot of things he used the army to attacked his own countrymen the welsh a great thinker me thunk not WW2 was a Bankers War he was a team player follow the script. You have to be a speacial kind of stupied given the winners of WW2  openly show western population what they consider the common people of the nations they own present day are nothing but heards of cattle to them. Voting, free press never existed all down to money power open border fake race baiting on a massive scale replacement of native people of the west General Patton was right and he paid for what he said. One think not allowed to day is what question of history are approved and who is writing the history and what dog could they have for the story of the past that puts them in the best light and hide the evil they do now and did in the past","OverSimplified's ""WW2"" series offers an entertaining and educational take on World War II. Part 1 delves into the origins of the conflict, key players like Hitler and Churchill, and major events leading to the war's outbreak. Using humor and simplified explanations, the video makes history engaging and accessible.",1,0
UgyJScfcFQycaMypt2B4AaABAg,@OmniXenO,2023-01-11T14:04:39Z,"Remember people, this is the winner pov..!!","OverSimplified's ""WW2"" series offers an entertaining and educational take on World War II. Part 1 delves into the origins of the conflict, key players like Hitler and Churchill, and major events leading to the war's outbreak. Using humor and simplified explanations, the video makes history engaging and accessible.",3,0
UgycgYu_euyd80MRYDd4AaABAg,@SSS-.SPOOKUSCARYSHOGUN,2023-01-08T03:36:05Z,"Auf der Heide bl√ºht ein kleines Bl√ºmelein<br>und das hei√üt: Erika.<br>Hei√ü von hunderttausend kleinen Bienelein<br>wird umschw√§rmt Erika,<br>denn ihr Herz ist voller S√º√üigkeit,<br>zarter Duft entstr√∂mt dem Bl√ºtenkleid.<br>Auf der Heide bl√ºht ein kleines Bl√ºmelein<br>und das hei√üt: Erika.<br> <br>In der Heimat wohnt ein kleines M√§gdelein<br>und das hei√üt: Erika.<br>Dieses M√§del ist mein treues Sch√§tzelein<br>und mein Gl√ºck, Erika.<br>Wenn das Heidekraut rot-lila bl√ºht,<br>singe ich zum Gru√ü ihr dieses Lied.<br>Auf der Heide bl√ºht ein kleines Bl√ºmelein<br>und das hei√üt: Erika.<br> <br>In mein&#39;m K√§mmerlein bl√ºht auch ein Bl√ºmelein<br>und das hei√üt: Erika.<br>Schon beim Morgengrau&#39;n sowie beim D√§mmerschein<br>schaut&#39;s mich an, Erika.<br>Und dann ist es mir, als spr√§ch&#39; es laut:<br>&quot;Denkst du auch an deine kleine Braut?&quot;<br>In der Heimat weint um dich ein M√§gdelein<br>und das hei√üt: Erika.-oh wait uh I mean I mean uhhhh forget that","OverSimplified's ""WW2"" series offers an entertaining and educational take on World War II. Part 1 delves into the origins of the conflict, key players like Hitler and Churchill, and major events leading to the war's outbreak. Using humor and simplified explanations, the video makes history engaging and accessible.",1,0
UgyJMG1euMTVeWYdkT14AaABAg,@RockyPlayRblxYT,2023-01-02T12:10:48Z,How to learn history:<br>Book: No<br>School: No<br>Oversimplified: YES 100%<br>Countryballs: yes,"OverSimplified's ""WW2"" series offers an entertaining and educational take on World War II. Part 1 delves into the origins of the conflict, key players like Hitler and Churchill, and major events leading to the war's outbreak. Using humor and simplified explanations, the video makes history engaging and accessible.",0,0
UgzBX4lCknzGt0CEEd94AaABAg,@bojanrisojevic1972,2022-10-29T10:40:20Z,"Quite impressive and I can see that you put a lot of effort into it. Considering that I am from the Balkans, I miss the depiction of the Yugoslav partisans who rose up in an uprising in July 1941 and since then have been fighting all the time against the Axis powers, and there was free territory all the time. It wasn&#39;t until the end of 1944 that you showed a certain free territory on the territory of today&#39;s Serbia. I&#39;d like you to take a look at that. However, there was a considerable number of armies of the Axis powers in the territory of Yugoslavia, which they could not send to the Russian front because of the Partisans.","OverSimplified's ""WW2"" series offers an entertaining and educational take on World War II. Part 1 delves into the origins of the conflict, key players like Hitler and Churchill, and major events leading to the war's outbreak. Using humor and simplified explanations, the video makes history engaging and accessible.",1,0
Ugw5goBIi-JfwleODWx4AaABAg,@sorrybutamjustwaytoobroken1206,2022-10-24T07:32:31Z,yup i can confirm it&#39;s 100% true,"OverSimplified's ""WW2"" series offers an entertaining and educational take on World War II. Part 1 delves into the origins of the conflict, key players like Hitler and Churchill, and major events leading to the war's outbreak. Using humor and simplified explanations, the video makes history engaging and accessible.",0,0
Ugx8b0PJmYnZKx800MV4AaABAg,@goldgamer907,2022-10-15T14:31:35Z,How I learned history school 0% oversimplified 100%,"OverSimplified's ""WW2"" series offers an entertaining and educational take on World War II. Part 1 delves into the origins of the conflict, key players like Hitler and Churchill, and major events leading to the war's outbreak. Using humor and simplified explanations, the video makes history engaging and accessible.",0,0
Ugx-RvZUOG1JhQrjC2J4AaABAg,@itam5784,2022-09-13T01:09:54Z,As a person who plays wars games why didn‚Äôt he have his ally italy help him attack British and france with him  then instead of attacking Russia attack other small country that have a lot of resources nearby and why didn‚Äôt France ask British to send a least half a kill units and France keep a back up army and actually finish the wall they made and try to get more ally‚Äôs like Russia that way they would have mixed feelings and <br>France would help the stronger country so Russia would just sit in the sideline getting there amry stronger and stronger and stay on the offensive,"OverSimplified's ""WW2"" series offers an entertaining and educational take on World War II. Part 1 delves into the origins of the conflict, key players like Hitler and Churchill, and major events leading to the war's outbreak. Using humor and simplified explanations, the video makes history engaging and accessible.",0,0
Ugw2_i1K_akcUJb19FB4AaABAg,@user-ft9qv5mg3b,2022-08-20T10:55:02Z,"<a href=""https://www.youtube.com/watch?v=_uk_6vfqwTA&amp;t=290"">4:50</a>  At this time, Korea was definitely an independent country. The reason why the Qing Dynasty army is in Korea is because Korea asked for help from the Qing Dynasty. At that time, Korea was corrupt. Therefore, the Donghak Peasant Movement took place, saying that civilians could no longer tolerate corruption and drove out the corrupt imperial family. So Korea tried to send troops to suppress them, but they lost to Donghak Peasant Army. So Korea asked the Qing Dynasty for help. However, Japan suddenly entered Korean land without permission and occupied Seoul. Since then, Japan has attacked the returning Qing army, and the Sino-Japanese War broke out on the Korean Peninsula.","OverSimplified's ""WW2"" series offers an entertaining and educational take on World War II. Part 1 delves into the origins of the conflict, key players like Hitler and Churchill, and major events leading to the war's outbreak. Using humor and simplified explanations, the video makes history engaging and accessible.",12,0
Ugx269a7F8-d2l5Vv_B4AaABAg,@Aryan_Kumar_Sharma7,2022-07-25T03:28:47Z,"We should not forget millions of Indians died in WW2 the war which India has to do nothing....they Trained them for some week give them gun and send to the war zone... All British, French, Spanish colonies were funded world war 1, 2 through money, food, gold all resources, + human resource. üò≠üò≠üò≠üò≠","OverSimplified's ""WW2"" series offers an entertaining and educational take on World War II. Part 1 delves into the origins of the conflict, key players like Hitler and Churchill, and major events leading to the war's outbreak. Using humor and simplified explanations, the video makes history engaging and accessible.",0,0
UgylB4PCKtxuH1pZvZx4AaABAg,@amranalex2454,2022-06-20T18:36:23Z,Correction abyssinia and Eritrea wasn&#39;t separated at all and Abyssinia&#39;s map is not correct and finally Italian didn&#39;t colonise the Abyssinia people at all the Abyssinia people send the Italy people with humiliation üòÇüòÇüòÇ,"OverSimplified's ""WW2"" series offers an entertaining and educational take on World War II. Part 1 delves into the origins of the conflict, key players like Hitler and Churchill, and major events leading to the war's outbreak. Using humor and simplified explanations, the video makes history engaging and accessible.",1,0
Ugy_TsTpZarT4uAyq7B4AaABAg,@eddyvonschnitzler7918,2022-06-06T07:29:53Z,"Many states did not want to admit that Germany is the land of poets, thinkers, musicians and inventors and that is why the English empire at the time was full of envy and hatred.  It was unacceptable that Germany was already industrially superior in Europe during its imperial period and that the English empire was losing face.  The English sterling silver also lost value, etc. Therefore, plans were made to bring the German Empire to its knees.  But the strengthened Germany could never have been defeated militarily alone.  You saw it in 1870, when France under Napoleon III declared war on us and the German Reich humiliated France with a blitzkrieg in less than 12 months.  Now our sister state France also hated us, although many years earlier Napoleon had devastated Germany and all of Europe.  Envy and lust for power can be so bad that England forgot they came from the German Anglo-Saxons and France from the German Franks, among others.  The Allied plan worked and the First World War began in 1914.  Today, even foreign historians say that Germany did not start the war alone, but the US intervened in 1917 because they feared that England and France would lose the war and that both countries would not repay their enormous debts to the US afterwards.  After losing the war, Germany was forced to accept sole guilt and pay such high reparations that it could never get up again.  The Allies also stole about 2500 patents (inventions) from us.  That shows the disgust of the winners.  Germany was humiliated, bankrupt, disenfranchised, etc. A breeding ground for fanatics.  Nazis seized power in 1933 and we know the rest.  The Nazis came into being just like Al Qaeda, ISS etc. A vicious breed of the Allies for being treated unfairly.  That is the truth, but the victorious powers dictate history.  But the crippled Germany manages to work itself back to health even after 2 lost wars and is more popular today than almost any other country.  That&#39;s impressive, but it can also arouse envy.","OverSimplified's ""WW2"" series offers an entertaining and educational take on World War II. Part 1 delves into the origins of the conflict, key players like Hitler and Churchill, and major events leading to the war's outbreak. Using humor and simplified explanations, the video makes history engaging and accessible.",0,0
UgxZ8ZjDD5k9whxv72t4AaABAg,@meterboy.,2022-05-08T18:26:45Z,"Kinda unbelievable, how H*tler could have won over England if he never decided to show them that he&#39;s the boss and can easily destroy London.<br>Just imagine the feeling of knowing you saved the world by sending one bomber over Berlin <br>üòÇ","OverSimplified's ""WW2"" series offers an entertaining and educational take on World War II. Part 1 delves into the origins of the conflict, key players like Hitler and Churchill, and major events leading to the war's outbreak. Using humor and simplified explanations, the video makes history engaging and accessible.",0,0
UgwO7nsMy6f1JAMk2Fx4AaABAg,@JesusTorres-yw1qj,2022-03-26T15:53:10Z,Bulgaria and Russia on the losers and USA in the winners,"OverSimplified's ""WW2"" series offers an entertaining and educational take on World War II. Part 1 delves into the origins of the conflict, key players like Hitler and Churchill, and major events leading to the war's outbreak. Using humor and simplified explanations, the video makes history engaging and accessible.",0,0
UgwTjSxKYIWy-7Sf9bN4AaABAg,@sp4c1fy82,2022-03-15T14:23:57Z,Im gonna send this whenever a friend says &quot;i&#39;m having a ww2 test tomorroe&quot;,"OverSimplified's ""WW2"" series offers an entertaining and educational take on World War II. Part 1 delves into the origins of the conflict, key players like Hitler and Churchill, and major events leading to the war's outbreak. Using humor and simplified explanations, the video makes history engaging and accessible.",0,0
UgwkCHn2Fa1aAKgh8Ah4AaABAg,@connorlancaster7541,2022-03-04T20:19:33Z,"Hey, who wants to turn to Jesus and live for him and obey everything he says? This life is temporary once you die you spend eternity in one of two places so choose heaven or hell. Jesus loved you to die for you. He says you all are valuable if you turn from your sins he will bless you like never before and he wants to call you son and daughter but whenever you sin you choose hell and choose to hate God. Now you may say I&#39;m a good person which is actually not true (Mark 10:18). But did you know that not even forgiving others is enough to send you to hell. Jesus is very serious about sin in fact Jesus says most people go to hell and few enter heaven (Mathew <a href=""https://www.youtube.com/watch?v=_uk_6vfqwTA&amp;t=433"">7:13</a>-14). No sin is worth going to hell for when someone goes to hell you can never escape your there forever and you will feel the pain forever . It&#39;s not worth it You can live in heaven forever where Jesus serves you food and you can be in God&#39;s presence forever where you&#39;re never sad or depressed and have a mansion as well. There is Good news If you come to Jesus humbly and confess your sins and beg him for mercy and forgiveness he will forgive you. But you can&#39;t continue to willfully sin (Hebrews 10:26) Because Jesus also says if you love me keep my commandments (John 14:15) you immediately need to repent from all your sins (Luke 13:3) and follow up with Jesus. Remember Follow Jesus only no religion no man Jesus rose from the dead. We have 500 eyewitnesses of it. Jesus is coming back soon with no mercy, seek the lord now while he may be found. When he rose from the dead he proved everything he said was true Muhamad or Buddha didn&#39;t rise from the dead. If you want more help watch the YouTube channel Cleveland street preachers he has been verified by the holy spirit. Also ask the holy spirit to teach you and to guide you in case you haven&#39;t.<br><br>Do any of you need prayer?<br><br>T","OverSimplified's ""WW2"" series offers an entertaining and educational take on World War II. Part 1 delves into the origins of the conflict, key players like Hitler and Churchill, and major events leading to the war's outbreak. Using humor and simplified explanations, the video makes history engaging and accessible.",0,1
UgyQDs3VFSIf3r1klLB4AaABAg,@DADDY_5213,2022-03-04T01:14:06Z,"Auf der Heide bl√ºht ein kleines Bl√ºmelein<br>Und das hei√üt<br>Erika<br>Hei√ü von hunderttausend kleinen Bienelein<br>Wird umschw√§rmt<br>Erika<br>Denn ihr Herz ist voller S√º√üigkeit<br>Zarter Duft entstr√∂mt dem Bl√ºtenkleid<br>Auf der Heide bl√ºht ein kleines Bl√ºmelein<br>Und das hei√üt<br>Erika<br>In der Heimat wohnt ein blondes M√§gdelein<br>Und das hei√üt<br>Erika<br>Dieses M√§del ist mein treues Sch√§tzelein<br>Und mein Gl√ºck<br>Erika<br>Wenn das Heidekraut rot-lila bl√ºht<br>Singe ich zum Gru√ü ihr dieses Lied<br>Auf der Heide bl√ºht ein kleines Bl√ºmelein<br>Und das hei√üt<br>Erika<br>In mein&#39;m K√§mmerlein bl√ºht auch ein Bl√ºmelein<br>Und das hei√üt<br>Erika<br>Schon beim Morgengrau&#39;n sowie beim D√§mmerschein<br>Schaut&#39;s mich an<br>Erika<br>Und dann ist es mir, als spr√§ch&#39; es laut<br>&quot;Denkst du auch an deine kleine Braut?&quot;<br>In der Heimat weint um dich ein M√§gdelein<br>Und das hei√üt","OverSimplified's ""WW2"" series offers an entertaining and educational take on World War II. Part 1 delves into the origins of the conflict, key players like Hitler and Churchill, and major events leading to the war's outbreak. Using humor and simplified explanations, the video makes history engaging and accessible.",0,0
Ugx3_ZzgkOxwmCXANCR4AaABAg,@TJAnimationsandGaming,2022-02-28T20:12:20Z,"I love how all of those nations who were neutral said &quot;status: strictly neutral (click read more if you are subscribed to Oversimplified or are oversimplified himself)<br><br><br><br><br><br><br><br><br>The videos are awesome, Are you making anymore, Oversimplified?","OverSimplified's ""WW2"" series offers an entertaining and educational take on World War II. Part 1 delves into the origins of the conflict, key players like Hitler and Churchill, and major events leading to the war's outbreak. Using humor and simplified explanations, the video makes history engaging and accessible.",0,0
Ugx09xpXbsRib_n2_pp4AaABAg,@HYDROXCOOKIE,2022-02-09T00:44:09Z,why didn&#39;t Sweden just just send the Iron south right to Germany across the Baltic sea,"OverSimplified's ""WW2"" series offers an entertaining and educational take on World War II. Part 1 delves into the origins of the conflict, key players like Hitler and Churchill, and major events leading to the war's outbreak. Using humor and simplified explanations, the video makes history engaging and accessible.",0,0
Ugw-oMvb9b08FNTCHnp4AaABAg,@aforandi,2022-02-04T03:48:12Z,"Russia or the Soviet Union lost its Great War. Italy was badly stuffed in combat and had to be propped up by its allies. The French army mutinied in 1917. America won its war in France, in a manner of speaking, given the highly incompetent Pershing and 100,000 deserters in the rear areas. Austro-Hungary didn‚Äôt so much lose as cease to exist. Turkey was attacked from all sides and despite every imaginably national disadvantage put up its usual superlative exhibition of hard fighting that stopped all its enemies, greatly to the pride of the nation. After the Armistice fighting continued everywhere except France. For the Germans, the reasons why they had lost were not apparent [they were in excellent shape in November 1918 [eg. a bumper harvest, a dominant air force], so blame had to be assigned somewhere.<br><br><br>Hitler was 5 foot 10 [180cm]. He was increasingly happy with his political success. He was rather a weak megalomaniac who struggled to impose his will, sometimes threatening people with jail time, whilst in the Soviet Union Stalin shot 20,000 people a day.<br><br>‚ÄòRacist‚Äô is probably wrong [its a slang term anyway, used in this manner], for example in North Africa the Axis got on with the Muslim natives much better than the British. The Nazis were in fact racialist, believing that one race, their Nordic one, was more advanced than others. Hitler‚Äôs only motivation was to set up a thousand-year Reich, hopefully utopian, which would emulate in Russia what the British had achieved in India, where 40,000 whites ruled 500 million natives. His favourite film, ‚ÄòLives of a Bengal Lancer‚Äô, reinforced this desire. ‚ÄòAnti-socialist‚Äô is kinda odd too: the gigantic Nazi holiday camp complex at Prora on Ruegen island would seem to emphasize socialist communality on a massive Nazi scale.<br><br>Germany and Russia were friendly between the wars as they were both members of the Great War loser‚Äôs club. China can be added here, as they were in theory Great War winners who were treated as losers by the actual winners due to perceived racial &amp; national inferiority.<br><br><br>When Hitler came to power, he had no military aircraft or tanks,. and seven years later the German army and air force defeated supposedly strongest army in the world, the French, in hours rather than days. Nazi ‚Äòworld philosophy‚Äô did not demand taking over the world. Germany was not a great power as it lacked a fleet. Their limits were India, which they hoped would continue to give the British major problems, and the Ural mountains, beyond which a Judaeo-Bolshevik state would devolve into barbarism, so proving Nazi philosophy correct. The Nazis were always aware there were only 90 million Germans. Hitler stated he had no interest in North Africa [this may have changed had he known about the oil &amp; gas], and that he had only limited interest in overseas [tropical] possessions.<br><br><br>Appeasement has its problems, as Germany was not appeased with the countries they valued most, like Romania and Bulgaria, because the British valued them too. Hitler was Austrian so Austria hardly counts. Czechoslovakia was somewhat pro-Nazi to begin with, and as ‚Äòa small country far away‚Äô the British clearly didn‚Äôt care about it either.<br><br><br>Nanking was prompted to a degree by the realisation that Japan could not prevail against the Chinese because they were too numerous. Hence they needed biological or atomic weapons, so Special Unit 731 was set up.<br><br><br>Poland: this segment is generally wrong, and I suggest it sounds confused. Britain had pursued a war policy toward Germany because of their mutual desire to control the SE European countries, ie. those NOT used for appeasement. To defeat the German, they had to be engaged on two fronts, so Poland, Romania and other countries were approached with a defensive guarantee. Poland accepted in March 1939. Poland decided to fight rather than acceded to German demands, and this gave Britain its war with Germany, though it also dragged in a reluctant France and placed the Soviet Union on the other side as second-class Nazis. In this way Britain began a second world war. Germany was surprised by Britain‚Äôs declaration of war not least because Poland‚Äôs government was a brutal dictatorship that had always killed its own citizens in small numbers [eg. Jews], whereas Czechoslovakia had been a sunrise democracy. The Phony War was promoted by an especially hard winter in 39-40, but also it suggests something odd about British policy toward Germany. Here it may help to understand that policies up to 1939 were not influenced by events 1940-45, though they are often portrayed as if they were.<br><br><br>Both sides were scared of the other controlling Norway. The Germans had air supremacy, rather than superiority. The British army is defeated by the Germans for the first time. <br>Why did Churchill have a different attitude toward the Germans? Clearly he had had it for many years by 1940.<br><br><br>The idea of a ‚ÄòFrance first, Russia second‚Äô plan is I think completely wrong. The decision to invade the Soviet Union was extremely complex and post-dated the fall of France. The blitzkrieg in France was not planned [the Russian one was], but was implemented day-to-day by progressive panzer generals such as Guderian and Manstein, in this way controlling the battle on the German side. Hitler issued the ‚ÄòStop‚Äô order outside Dunkirk to regain control of his forces ‚Äì again this is a commentary on his weakness as a leader, which goes against the megalomania nonsense, and this at a time when his forces were winning both easily and most unexpectedly. In fact a smaller number panzer divisions, of the ten in total, went through the Ardennes.<br><br><br>The British have been defeated a second time by the Germans. Why should they not make peace? Britain was all alone, with only the entire British empire, American wealth, lots of allies and a number of anti-Soviets and anti-nazis to help them, not to mention an enormous fleet.<br><br><br>American and British relations with Vichy France were particularly perplexed, not least because Vichy and other French entities were mainly in conflict with each other, whilst the side the French people supported most was the French one. Few officers followed the traitor De Gaulle to London, but many volunteered to fight the Soviets with the German army. The Nazis had swept away many enemies of right-wing Frenchmen so their victory wasn‚Äôt seen by them as an entirely bad thing.<br><br><br>The Luftwaffe fought the Battle of Britain to bring the British to peace talks. In 1940 they had little involvement with or ability to influence an Army-Navy invasion plan. Their abilities in naval combat were negligible, and indeed they had no interest in these matters.<br><br><br>It could be mentioned that Churchill was upset that no German bomb fell on a British city for a long time whilst Bomber Command tried and largely failed to carry out its pre-war strategy of winning a war by bombing German cities.","OverSimplified's ""WW2"" series offers an entertaining and educational take on World War II. Part 1 delves into the origins of the conflict, key players like Hitler and Churchill, and major events leading to the war's outbreak. Using humor and simplified explanations, the video makes history engaging and accessible.",0,0
UgxgNkHVOF0QLhRTCmV4AaABAg,@LEOsoulMonarch,2022-01-07T05:25:16Z,Oversimplified was sending a message with that pause after mentioning Nanking...and those who paid attention in history class knew exactly what he was referring to...,"OverSimplified's ""WW2"" series offers an entertaining and educational take on World War II. Part 1 delves into the origins of the conflict, key players like Hitler and Churchill, and major events leading to the war's outbreak. Using humor and simplified explanations, the video makes history engaging and accessible.",0,0
UgzJLiP7V18gOBo9TBt4AaABAg,@mikhailsporyshev9772,2021-12-25T06:44:09Z,Russia wasn&#39;t exactly on the winners&#39; side of WW1,"OverSimplified's ""WW2"" series offers an entertaining and educational take on World War II. Part 1 delves into the origins of the conflict, key players like Hitler and Churchill, and major events leading to the war's outbreak. Using humor and simplified explanations, the video makes history engaging and accessible.",2,0
UgwSIwiGCfsnmX-7y9x4AaABAg,@jonathangodin4775,2021-12-14T19:57:56Z,Avoiding military service then sending countless to die for your ideology!! And pay say capitalism and communism are polar opposites ü§£,"OverSimplified's ""WW2"" series offers an entertaining and educational take on World War II. Part 1 delves into the origins of the conflict, key players like Hitler and Churchill, and major events leading to the war's outbreak. Using humor and simplified explanations, the video makes history engaging and accessible.",1,0
UgxaUWB8AkdnppSD6Kt4AaABAg,@Locbolt4BTD,2021-12-13T10:15:54Z,Can u pls stop sending iron ore to Germany new phone who is dis,"OverSimplified's ""WW2"" series offers an entertaining and educational take on World War II. Part 1 delves into the origins of the conflict, key players like Hitler and Churchill, and major events leading to the war's outbreak. Using humor and simplified explanations, the video makes history engaging and accessible.",0,0
Ugx0ApzZok-DMWRKv594AaABAg,@Pixley7,2021-11-22T00:50:28Z,"<a href=""https://www.youtube.com/watch?v=_uk_6vfqwTA&amp;t=201"">3:21</a> Why is Russia on the winners side they lost in WW1","OverSimplified's ""WW2"" series offers an entertaining and educational take on World War II. Part 1 delves into the origins of the conflict, key players like Hitler and Churchill, and major events leading to the war's outbreak. Using humor and simplified explanations, the video makes history engaging and accessible.",6,0
UgxVhsXxl18Gjt71sxZ4AaABAg,@LuisLopez-uw1dj,2021-11-19T13:25:49Z,"A little flower blooms on the heather <br>Auf der Heide bl√ºht ein kleines Bl√ºmelein <br><br>And that means <br>Und das hei√üt <br><br>Erika <br>Erika <br><br>Hot from a hundred thousand little bees <br>Hei√ü von hunderttausend kleinen Bienelein <br><br>Will be swarmed around <br>Wird umschw√§rmt <br><br>Erika <br>Erika <br><br>Because her heart is full of candy <br>Denn ihr Herz ist voller S√º√üigkeit <br><br>A delicate fragrance emanates from the flower dress <br>Zarter Duft entstr√∂mt dem Bl√ºtenkleid <br><br>A little flower blooms on the heather <br>Auf der Heide bl√ºht ein kleines Bl√ºmelein <br><br>And that means<br>Und das hei√üt<br><br>Erika<br>Erika<br>A blonde girl lives in the homeland <br>In der Heimat wohnt ein blondes M√§gdelein <br><br>And that means <br>Und das hei√üt <br><br>Erika <br>Erika <br><br>This girl is my loyal darling <br>Dieses M√§del ist mein treues Sch√§tzelein <br><br>And my luck <br>Und mein Gl√ºck <br><br>Erika <br>Erika <br><br>When the heather blooms red-purple <br>Wenn das Heidekraut rot-lila bl√ºht <br><br>I sing this song to greet her <br>Singe ich zum Gru√ü ihr dieses Lied <br><br>A little flower blooms on the heather <br>Auf der Heide bl√ºht ein kleines Bl√ºmelein <br><br>And that means<br>Und das hei√üt<br><br>Erika<br>Erika<br>A little flower blooms in my little room <br>In mein&#39;m K√§mmerlein bl√ºht auch ein Bl√ºmelein <br><br>And that means <br>Und das hei√üt <br><br>Erika <br>Erika <br><br>Already at dawn and at dusk <br>Schon beim Morgengrau&#39;n sowie beim D√§mmerschein <br><br>Look at me <br>Schaut&#39;s mich an <br><br>Erika <br>Erika <br><br>And then it seems to me as if it speaks loudly <br>Und dann ist es mir, als spr√§ch&#39; es laut <br><br>&quot;Do you think of your little bride too?&quot; <br>&quot;Denkst du auch an deine kleine Braut?&quot; <br><br>A maid weeps for you at home <br>In der Heimat weint um dich ein M√§gdelein <br><br>And that means<br>Und das hei√üt<br><br>Erika<br>Erika","OverSimplified's ""WW2"" series offers an entertaining and educational take on World War II. Part 1 delves into the origins of the conflict, key players like Hitler and Churchill, and major events leading to the war's outbreak. Using humor and simplified explanations, the video makes history engaging and accessible.",1,0
UgzZcmX5gKNnQa7h5Pd4AaABAg,@electronicfarts5105,2021-11-06T07:55:51Z,"Even if the Germans won the battle of Britain, good luck trying to send troops across the channel when the UK had the biggest fleet in the world","OverSimplified's ""WW2"" series offers an entertaining and educational take on World War II. Part 1 delves into the origins of the conflict, key players like Hitler and Churchill, and major events leading to the war's outbreak. Using humor and simplified explanations, the video makes history engaging and accessible.",0,0
UgyWofJqDulqc1Zi4Bx4AaABAg,@themammoth67,2021-11-02T21:55:41Z,"Omg modern china is using all these tactics. Sending a bunch of refugees to Australia to pull a hitler, staging incedents like the japanese such as gunfire exchange between Australian and Chinese men and the murder of a child by an Australian soldier who looks suspiciously like the one killed in the gunfight between Australian and Chinese men. Goes to show that china knows what they‚Äôre doing when trying to start ww3. I‚Äôm telling you right now chinas gonna blitzkrieg Australia and Japan as well as maybe Indonesia if they can‚Äôt find a way to make an alliance with them. Australia‚Äôs gonna be France here, or worse, Poland.","OverSimplified's ""WW2"" series offers an entertaining and educational take on World War II. Part 1 delves into the origins of the conflict, key players like Hitler and Churchill, and major events leading to the war's outbreak. Using humor and simplified explanations, the video makes history engaging and accessible.",0,0
UgyohN_w-aUtHupN-ph4AaABAg,@paulaharrisbaca4851,2021-10-22T18:00:39Z,"Excellent. Well done, with little bias that I could see.<br>When I was a kid, the war was closer in time to us than Vietnam was to my 21 year old daughter....or almost as recently as Korea was to me as my daughter was to Desert Storm....and the story we heard as the winners was radically different than your version. In junior high we got a rather weird version of the War....always we were taught about the Holocaust, as though WWII was largely about the Holocaust, the same way many people make the Civil War always about freeing the slaves. It was so much more complicated but we got nothing but freeing the slaves and the South fought to keep their free labor and it wasn&#39;t really that as much as economics....as a matter of fact, in California schools, we were taught that white people hated black people so much they enslaved them as a punishment (I am not kidding). I remember that so vividly it was as though we caught Africans because we despised them and because they were black we wanted to buy them from other Africans and brought them home to torture them. I couldn&#39;t follow the logic, but this was when &quot;Roots&quot; was a big hit on TV.... Public schools in blue states are rather strange. It&#39;s as though Hitler mainly fought the war because he wanted nothing but capturing Jews. I guess you could make that argument....","OverSimplified's ""WW2"" series offers an entertaining and educational take on World War II. Part 1 delves into the origins of the conflict, key players like Hitler and Churchill, and major events leading to the war's outbreak. Using humor and simplified explanations, the video makes history engaging and accessible.",0,0
Ugx8LSVTGdcupMAcjah4AaABAg,@n0rdlys_40,2021-10-02T03:32:51Z,"A lot of people would like to call that Germany, Italy and Japan having absolutely no chance to take on the entire world. That isn&#39;t the case.<br><br>It only required for the three to take out the major powers or at least a couple of them. Germany was close to taking out Russia, took France and got UK cornered while Japan took a lot of Asia. If you look at it close enough, WWII wasn&#39;t really that guaranteed of a victory for the allies.","OverSimplified's ""WW2"" series offers an entertaining and educational take on World War II. Part 1 delves into the origins of the conflict, key players like Hitler and Churchill, and major events leading to the war's outbreak. Using humor and simplified explanations, the video makes history engaging and accessible.",2,0
UgyH6JCOAFmVcj5aNEx4AaABAg,@Marhaenis_enjoyer,2021-09-30T01:51:46Z,"<a href=""https://www.youtube.com/watch?v=_uk_6vfqwTA&amp;t=153"">2:33</a> when I click the subtitle button and select Indonesian, I see the words &quot;wadaw silaw&quot; :v","OverSimplified's ""WW2"" series offers an entertaining and educational take on World War II. Part 1 delves into the origins of the conflict, key players like Hitler and Churchill, and major events leading to the war's outbreak. Using humor and simplified explanations, the video makes history engaging and accessible.",1,0
UgxXM3i4TonK8ItR-3l4AaABAg,@wcr2265,2021-09-27T05:35:39Z,"Fun fact: Spain didn‚Äôt really join the war, but they did send troops for volunteers to Germany, most were sent to the eastern front, they also had the same outfits as Germany but instead of the swastika on the helmets they had the Spanish flag.","OverSimplified's ""WW2"" series offers an entertaining and educational take on World War II. Part 1 delves into the origins of the conflict, key players like Hitler and Churchill, and major events leading to the war's outbreak. Using humor and simplified explanations, the video makes history engaging and accessible.",2071,0
UgxUkoU0SmrKM9qtNtZ4AaABAg,@dewicavil9980,2021-09-07T23:56:04Z,Allied forces: America we can‚Äôt win this war by ourselves please help.<br>America: ok I‚Äôll send you some weapons and food and the occasional American pilot cool?<br>Allied forces: WTF no we need your huge army and resources.<br>America: tough shit you get what you get deal with it.<br>Pearl Harbor is attacked <br>America: forget what I just said we want to help.<br>Allied forces: took you long enough what changed?,"OverSimplified's ""WW2"" series offers an entertaining and educational take on World War II. Part 1 delves into the origins of the conflict, key players like Hitler and Churchill, and major events leading to the war's outbreak. Using humor and simplified explanations, the video makes history engaging and accessible.",1,0
UgynCjl5xPVXsx-OPjh4AaABAg,@TinFoiIHat,2021-09-01T06:14:28Z,"Auf der Heide bl√ºht ein kleines Bl√ºmelein<br>Und das hei√üt<br>Erika<br>Hei√ü von hunderttausend kleinen Bienelein<br>Wird umschw√§rmt<br>Erika<br>Denn ihr Herz ist voller S√º√üigkeit<br>Zarter Duft entstr√∂mt dem Bl√ºtenkleid<br>Auf der Heide bl√ºht ein kleines Bl√ºmelein<br>Und das hei√üt<br>Erika<br>In der Heimat wohnt ein blondes M√§gdelein<br>Und das hei√üt<br>Erika<br>Dieses M√§del ist mein treues Sch√§tzelein<br>Und mein Gl√ºck<br>Erika<br>Wenn das Heidekraut rot-lila bl√ºht<br>Singe ich zum Gru√ü ihr dieses Lied<br>Auf der Heide bl√ºht ein kleines Bl√ºmelein<br>Und das hei√üt<br>Erika<br>In mein&#39;m K√§mmerlein bl√ºht auch ein Bl√ºmelein<br>Und das hei√üt<br>Erika<br>Schon beim Morgengrau&#39;n sowie beim D√§mmerschein<br>Schaut&#39;s mich an<br>Erika<br>Und dann ist es mir, als spr√§ch&#39; es laut<br>&quot;Denkst du auch an deine kleine Braut?&quot;<br>In der Heimat weint um dich ein M√§gdelein<br>Und das hei√üt<br>Erika","OverSimplified's ""WW2"" series offers an entertaining and educational take on World War II. Part 1 delves into the origins of the conflict, key players like Hitler and Churchill, and major events leading to the war's outbreak. Using humor and simplified explanations, the video makes history engaging and accessible.",0,0
Ugz6hLUaeYC2V1EX8GN4AaABAg,@hayleyward9705,2021-08-28T04:25:51Z,Yes Italy was on the winner winner chicken dinner like playing with chicken,"OverSimplified's ""WW2"" series offers an entertaining and educational take on World War II. Part 1 delves into the origins of the conflict, key players like Hitler and Churchill, and major events leading to the war's outbreak. Using humor and simplified explanations, the video makes history engaging and accessible.",0,0
UgzLpGPbYYsg7QOsSAN4AaABAg,@swallowlsd,2021-08-27T02:46:59Z,a Click bait fish net is what this is and look at all the guppies it caught in the comments lol.,"OverSimplified's ""WW2"" series offers an entertaining and educational take on World War II. Part 1 delves into the origins of the conflict, key players like Hitler and Churchill, and major events leading to the war's outbreak. Using humor and simplified explanations, the video makes history engaging and accessible.",1,0
UgzH1ZpIO0MS78MeoCV4AaABAg,@brooklynqueennight6526,2021-08-04T22:50:28Z,There&#39;s the sender,"OverSimplified's ""WW2"" series offers an entertaining and educational take on World War II. Part 1 delves into the origins of the conflict, key players like Hitler and Churchill, and major events leading to the war's outbreak. Using humor and simplified explanations, the video makes history engaging and accessible.",0,0
UgwlUAzoD5bohLb8lch4AaABAg,@redviperplayz8069,2021-07-30T16:51:46Z,If the japanese sends a bomb to germany  <br><br>Japanese: Omae wa m≈ç shinde iru.<br><br>Hitler: NANI!,"OverSimplified's ""WW2"" series offers an entertaining and educational take on World War II. Part 1 delves into the origins of the conflict, key players like Hitler and Churchill, and major events leading to the war's outbreak. Using humor and simplified explanations, the video makes history engaging and accessible.",1,0
UgwJh4PZ5bnqAz4Owcp4AaABAg,@Ocro555,2021-07-24T18:03:57Z,"<a href=""https://www.youtube.com/watch?v=_uk_6vfqwTA&amp;t=475"">7:55</a> wanna know the details?<br>300000+ innocent citizens were killed<br>20000 woman were molested and raped (most raped to death)<br>3000 soldiers being rounded up and gunshoted, those who survived were burned to death<br>57418 citizens of all age and gender rounded up and gunshot, betean to death, burned alive, and even when they were dead the Japanese kept plunging knives into their corpses, totally oblivious to the victims&#39; screaming and begging<br>2 Japanese came up with a &quot;first who kills 100 citizen wins&quot; competition, and after the match, the winner was crowed as a hero<br>295882 types of crime, such as murder, rape, arson. etc<br>$2000000000000 lost (of china)<br>and lots more other details on google","OverSimplified's ""WW2"" series offers an entertaining and educational take on World War II. Part 1 delves into the origins of the conflict, key players like Hitler and Churchill, and major events leading to the war's outbreak. Using humor and simplified explanations, the video makes history engaging and accessible.",15,0
Ugz24uCIa1fNN9Z7CLx4AaABAg,@JohnCena-zt8kh,2021-06-22T14:16:01Z,Idk how but the censorship never clicked with me until the 7th time I watched,"OverSimplified's ""WW2"" series offers an entertaining and educational take on World War II. Part 1 delves into the origins of the conflict, key players like Hitler and Churchill, and major events leading to the war's outbreak. Using humor and simplified explanations, the video makes history engaging and accessible.",0,0
UgzZgzUbA-_ehqesW5B4AaABAg,@mariasirona1622,2021-06-11T09:55:30Z,Russia was not among the winners of WW1 because Germany had beat it and it was in full-blown civil war by the end of the war,"OverSimplified's ""WW2"" series offers an entertaining and educational take on World War II. Part 1 delves into the origins of the conflict, key players like Hitler and Churchill, and major events leading to the war's outbreak. Using humor and simplified explanations, the video makes history engaging and accessible.",1,0
UgyfZxEz8Tr81ULz7IZ4AaABAg,@kshitijupadhye1994,2021-06-03T11:09:59Z,First I thought why do I need to see this....I already know WW2...<br>When I see video has more than 55 mill views...Click faster than lightening....lul,"OverSimplified's ""WW2"" series offers an entertaining and educational take on World War II. Part 1 delves into the origins of the conflict, key players like Hitler and Churchill, and major events leading to the war's outbreak. Using humor and simplified explanations, the video makes history engaging and accessible.",1,0
UgyuKO5dAq9QzziyCwB4AaABAg,@connor735,2021-06-03T04:59:29Z,üè¥Û†ÅßÛ†Å¢Û†Å≥Û†Å£Û†Å¥Û†Åøüè¥Û†ÅßÛ†Å¢Û†Å∑Û†Å¨Û†Å≥Û†Åøüè¥Û†ÅßÛ†Å¢Û†Å•Û†ÅÆÛ†ÅßÛ†Åøüá≤üá´üá∫üá≤üá¶üá∫üá®üá¶üá∑üá∫üá≥üá¥üá¨üá∑üá©üá∞üá´üáÆüáµüá±üá∏üá™üá®üá≥ (did I miss any winners?),"OverSimplified's ""WW2"" series offers an entertaining and educational take on World War II. Part 1 delves into the origins of the conflict, key players like Hitler and Churchill, and major events leading to the war's outbreak. Using humor and simplified explanations, the video makes history engaging and accessible.",0,1
UgwKKyFuv-jNfXMheUh4AaABAg,@user-cd4bx6uq1y,2021-05-23T16:41:56Z,Pov: you finally clicked on it,"OverSimplified's ""WW2"" series offers an entertaining and educational take on World War II. Part 1 delves into the origins of the conflict, key players like Hitler and Churchill, and major events leading to the war's outbreak. Using humor and simplified explanations, the video makes history engaging and accessible.",1,0
UgxiwiBd3MUnvHZxb1d4AaABAg,@eeeeee38093,2021-05-18T19:17:56Z,This guy was 100% a history teacher,"OverSimplified's ""WW2"" series offers an entertaining and educational take on World War II. Part 1 delves into the origins of the conflict, key players like Hitler and Churchill, and major events leading to the war's outbreak. Using humor and simplified explanations, the video makes history engaging and accessible.",0,0
UgyY26AlbgXm-zKGM3V4AaABAg,@zombiehorsefranzferdinand9304,2021-05-14T23:04:34Z,How was a Russia a WW1 winner?,"OverSimplified's ""WW2"" series offers an entertaining and educational take on World War II. Part 1 delves into the origins of the conflict, key players like Hitler and Churchill, and major events leading to the war's outbreak. Using humor and simplified explanations, the video makes history engaging and accessible.",2,0
UgxIT9hLEQ_QeneZ1Gl4AaABAg,@luismedellin5723,2021-05-13T02:06:21Z,"The winner tells the story, the winner would never say anything to make it seem like there‚Äôre in the wrong.","OverSimplified's ""WW2"" series offers an entertaining and educational take on World War II. Part 1 delves into the origins of the conflict, key players like Hitler and Churchill, and major events leading to the war's outbreak. Using humor and simplified explanations, the video makes history engaging and accessible.",0,0
UgwYHRLDjCMSUbBrumR4AaABAg,@unqualifiedthinking,2021-05-12T00:39:54Z,"You fool you absolute buffoon<br>Welcome to the monke Movement, monke.<br>Because you DM&#39;ed me ‚Äúmonke‚Äù you must do the following:<br><br>1. Put dm me the word monke into your status<br>2. If anyone dms you saying monke, send them this<br>3. Monke<br><br>I was infected<br>The infection stays for a week.","OverSimplified's ""WW2"" series offers an entertaining and educational take on World War II. Part 1 delves into the origins of the conflict, key players like Hitler and Churchill, and major events leading to the war's outbreak. Using humor and simplified explanations, the video makes history engaging and accessible.",0,0
Ugx_tjBpc575Vh-wGNx4AaABAg,@lordchikage9015,2021-04-27T09:22:10Z,"World war 2 only happened because people really thought that a world war can have winners üôÑ. There are only losers, mostly the civilians. And letting Germany pay for everything was the dumbest decision in human history.","OverSimplified's ""WW2"" series offers an entertaining and educational take on World War II. Part 1 delves into the origins of the conflict, key players like Hitler and Churchill, and major events leading to the war's outbreak. Using humor and simplified explanations, the video makes history engaging and accessible.",0,0
UgwqQVfJmr6YL22UL8Z4AaABAg,@jabzudah4251,2021-03-29T20:05:50Z,"<a href=""https://www.youtube.com/watch?v=_uk_6vfqwTA&amp;t=772"">12:52</a> ‚ÄúChurchill ordered a pretty insignificant bombing of Berlin‚Äù <br><br>This was also the Dresden bombings in which 500,000 Germans (mostly civilians) were killed, Hitler in a bid to gain revenge for the fatherland and to not lose face in the eyes of the public whom (at this stage) adored him, switched focus from RAF and other military operation over to civilian bombings ie the blitz and Close county bombings. <br><br>To say this Berlin bombings were ‚Äúinsignificant‚Äù could...I don‚Äôt know.... maybe be a bit winner biased ?","OverSimplified's ""WW2"" series offers an entertaining and educational take on World War II. Part 1 delves into the origins of the conflict, key players like Hitler and Churchill, and major events leading to the war's outbreak. Using humor and simplified explanations, the video makes history engaging and accessible.",0,0
UgxngdcknpNMjDvt8CB4AaABAg,@grum3660,2021-03-28T22:00:49Z,"About Appeasement which is something commonly misunderstood. Appeasement was never meant to stop war with Germany, it was to build up military strength. The British and French were extremely weak with their populous unwilling to send it&#39;s children to another war.","OverSimplified's ""WW2"" series offers an entertaining and educational take on World War II. Part 1 delves into the origins of the conflict, key players like Hitler and Churchill, and major events leading to the war's outbreak. Using humor and simplified explanations, the video makes history engaging and accessible.",0,0
Ugx5Gx3iQq1rAKoQyRN4AaABAg,@shinra.9140,2021-03-28T20:00:49Z,join this server or imma send the fbi to you: @t,"OverSimplified's ""WW2"" series offers an entertaining and educational take on World War II. Part 1 delves into the origins of the conflict, key players like Hitler and Churchill, and major events leading to the war's outbreak. Using humor and simplified explanations, the video makes history engaging and accessible.",0,1
UgzFXGPYETYS6pP1ARt4AaABAg,@shinra.9140,2021-03-28T19:42:39Z,join this server or imma send the fbi to you: @t,"OverSimplified's ""WW2"" series offers an entertaining and educational take on World War II. Part 1 delves into the origins of the conflict, key players like Hitler and Churchill, and major events leading to the war's outbreak. Using humor and simplified explanations, the video makes history engaging and accessible.",0,1
Ugx0qCVsCQVHWiyxAWx4AaABAg,@ivanobuhovac8067,2021-03-27T13:25:19Z,USA was also on the winners side of WWI and Bulgaria was on the losers side ofWWI,"OverSimplified's ""WW2"" series offers an entertaining and educational take on World War II. Part 1 delves into the origins of the conflict, key players like Hitler and Churchill, and major events leading to the war's outbreak. Using humor and simplified explanations, the video makes history engaging and accessible.",0,0
UgwOf8pw_WQPEOGHKPV4AaABAg,@moreauclement9702,2021-03-09T09:57:04Z,"The head of military of France did not move on from the WW1 as stated in this video and didn&#39;t take account of some of the younger officer (like a certain Lt De Gaulle but not only) who warned them that the Ardennes wasn&#39;t that naturally impenetrable and that even if our tanks were not so outdated (in fact they were pretty modern for that time) we didn&#39;t had enough of it. And our aviation was lacking as well.<br><br>And then, while Hitler had learned the lesson of the WW1, we didn&#39;t. And we were steamrolled. <br><br>Thankfully, and they had no reason to do so objectively speaking, our (ex-)colonies did not surrender and continued the fight, rejoigned with some Metropolitan soldier who fled the occupied France while others fled to UK, helping the little resistance still on land. That&#39;s how we are historically considered as winner but factually one of the most humiliating defeat France has suffered. <br><br>NB : Sorry for te baguette english","OverSimplified's ""WW2"" series offers an entertaining and educational take on World War II. Part 1 delves into the origins of the conflict, key players like Hitler and Churchill, and major events leading to the war's outbreak. Using humor and simplified explanations, the video makes history engaging and accessible.",0,0
UgzIKtUg89lgwzxL4yF4AaABAg,@petarsmakic7346,2021-02-21T09:39:47Z,"You forgot to mention Serbia as WW1 winner , we fought AustroHungary very well and lost 30% of population","OverSimplified's ""WW2"" series offers an entertaining and educational take on World War II. Part 1 delves into the origins of the conflict, key players like Hitler and Churchill, and major events leading to the war's outbreak. Using humor and simplified explanations, the video makes history engaging and accessible.",0,0
UgyJ8c9fqZulZkxKI1Z4AaABAg,@yannickfrogel3537,2021-02-20T23:42:14Z,"Actually the winner of the first world war are indirect responsible for the second one. They economically destroyed and humiliated Germany. This was the reason a populist like Hitler was able to control the country and if not him, somebody else would have with extrem political thoughts.","OverSimplified's ""WW2"" series offers an entertaining and educational take on World War II. Part 1 delves into the origins of the conflict, key players like Hitler and Churchill, and major events leading to the war's outbreak. Using humor and simplified explanations, the video makes history engaging and accessible.",1,0
UgyTG1jk6Lb8Wuiw4qt4AaABAg,@yizhuwang852,2021-02-12T21:17:59Z,Me: HiSTrOy Is ThE WoRSt ThInG EvER<br>Me after this: 1 click delete every other subject.,"OverSimplified's ""WW2"" series offers an entertaining and educational take on World War II. Part 1 delves into the origins of the conflict, key players like Hitler and Churchill, and major events leading to the war's outbreak. Using humor and simplified explanations, the video makes history engaging and accessible.",34,0
UgynOczp-kaHdMM_GOh4AaABAg,@eve0383,2021-02-10T16:39:32Z,"<a href=""https://www.youtube.com/watch?v=_uk_6vfqwTA&amp;t=660"">11:00</a> excuse me what? I&#39;ve never heard of the tactic &quot;send refugees toward the enemy to slow them down&quot;. The Blitzkrieg- tactic is simply the coordinated attack of mechanized, and infantry troops with air cover. <br>I would be very interested where you got that from.","OverSimplified's ""WW2"" series offers an entertaining and educational take on World War II. Part 1 delves into the origins of the conflict, key players like Hitler and Churchill, and major events leading to the war's outbreak. Using humor and simplified explanations, the video makes history engaging and accessible.",0,0
UgwFBrgf1uYV8z0eAG94AaABAg,@Rediscovered,2021-02-10T14:34:07Z,"The one thing I took away from this is that everyones action are fully rational and logically motivated. I mean, everyone wants to be a winner, right? It&#39;s either that or being treated like second class. So you go out and take the win, or die trying.","OverSimplified's ""WW2"" series offers an entertaining and educational take on World War II. Part 1 delves into the origins of the conflict, key players like Hitler and Churchill, and major events leading to the war's outbreak. Using humor and simplified explanations, the video makes history engaging and accessible.",1,0
UgzlSgOZ4EQ8bWlKtCd4AaABAg,@Rockgirlloveskrillex,2021-01-27T13:36:09Z,i hate myself for clicking in this ad,"OverSimplified's ""WW2"" series offers an entertaining and educational take on World War II. Part 1 delves into the origins of the conflict, key players like Hitler and Churchill, and major events leading to the war's outbreak. Using humor and simplified explanations, the video makes history engaging and accessible.",0,0
UgwoE9UJzXS1KawPvvR4AaABAg,@MastersTMC,2021-01-05T09:28:49Z,i cant believe what did just the teacher send us to where,"OverSimplified's ""WW2"" series offers an entertaining and educational take on World War II. Part 1 delves into the origins of the conflict, key players like Hitler and Churchill, and major events leading to the war's outbreak. Using humor and simplified explanations, the video makes history engaging and accessible.",13,0
Ugy9S9GTInHSvwh1gOB4AaABAg,@nocontentnocomment2166,2020-12-11T10:26:34Z,No offence but Montenegro and Serbia were also winners,"OverSimplified's ""WW2"" series offers an entertaining and educational take on World War II. Part 1 delves into the origins of the conflict, key players like Hitler and Churchill, and major events leading to the war's outbreak. Using humor and simplified explanations, the video makes history engaging and accessible.",1,0
UgzqpTUky_De3EfTkHx4AaABAg,@lyfty7598,2020-12-09T16:01:30Z,I just clicked randomly and i just could not stop watching,"OverSimplified's ""WW2"" series offers an entertaining and educational take on World War II. Part 1 delves into the origins of the conflict, key players like Hitler and Churchill, and major events leading to the war's outbreak. Using humor and simplified explanations, the video makes history engaging and accessible.",0,0
